,ks_pvals,c2st_ranks,c2st_dap
0,0.25269255,0.41999999999999993,0.39
1,0.1577118,0.5449999999999999,0.37
2,0.7510609,0.51,0.32999999999999996
